dataset,arch,seed,remove_dom,debias,compression_rate,nb_dims_pca,disable_dp,sigma,max_per_sample_grad_norm,epoch,step,loss
mnist,ResNet8GN_w16_g8,5,False,True,1,200,False,1.0,1.0,1,0,2.4588866233825684
mnist,ResNet8GN_w16_g8,5,False,True,1,200,False,1.0,1.0,1,1,2.336361885070801
mnist,ResNet8GN_w16_g8,5,False,True,1,200,False,1.0,1.0,1,2,2.3198704719543457
mnist,ResNet8GN_w16_g8,5,False,True,1,200,False,1.0,1.0,1,3,2.3026723861694336
mnist,ResNet8GN_w16_g8,5,False,True,1,200,False,1.0,1.0,1,4,2.2777090072631836
mnist,ResNet8GN_w16_g8,5,False,True,1,200,False,1.0,1.0,1,5,2.314546823501587
mnist,ResNet8GN_w16_g8,5,False,True,1,200,False,1.0,1.0,1,6,2.2921946048736572
mnist,ResNet8GN_w16_g8,5,False,True,1,200,False,1.0,1.0,1,7,2.3085508346557617
mnist,ResNet8GN_w16_g8,5,False,True,1,200,False,1.0,1.0,1,8,2.290633201599121
mnist,ResNet8GN_w16_g8,5,False,True,1,200,False,1.0,1.0,1,9,2.2935354709625244
mnist,ResNet8GN_w16_g8,5,False,True,1,200,False,1.0,1.0,1,10,2.2850263118743896
mnist,ResNet8GN_w16_g8,5,False,True,1,200,False,1.0,1.0,1,11,2.2549028396606445
mnist,ResNet8GN_w16_g8,5,False,True,1,200,False,1.0,1.0,1,12,2.259460210800171
mnist,ResNet8GN_w16_g8,5,False,True,1,200,False,1.0,1.0,1,13,2.257957935333252
mnist,ResNet8GN_w16_g8,5,False,True,1,200,False,1.0,1.0,1,14,2.2601680755615234
mnist,ResNet8GN_w16_g8,5,False,True,1,200,False,1.0,1.0,1,15,2.2431507110595703
mnist,ResNet8GN_w16_g8,5,False,True,1,200,False,1.0,1.0,1,16,2.228426456451416
mnist,ResNet8GN_w16_g8,5,False,True,1,200,False,1.0,1.0,1,17,2.2182390689849854
mnist,ResNet8GN_w16_g8,5,False,True,1,200,False,1.0,1.0,1,18,2.212974786758423
mnist,ResNet8GN_w16_g8,5,False,True,1,200,False,1.0,1.0,1,19,2.215092420578003
mnist,ResNet8GN_w16_g8,5,False,True,1,200,False,1.0,1.0,1,20,2.211632013320923
mnist,ResNet8GN_w16_g8,5,False,True,1,200,False,1.0,1.0,1,21,2.2113349437713623
mnist,ResNet8GN_w16_g8,5,False,True,1,200,False,1.0,1.0,1,22,2.1870718002319336
mnist,ResNet8GN_w16_g8,5,False,True,1,200,False,1.0,1.0,1,23,2.1527700424194336
mnist,ResNet8GN_w16_g8,5,False,True,1,200,False,1.0,1.0,1,24,2.1271655559539795
mnist,ResNet8GN_w16_g8,5,False,True,1,200,False,1.0,1.0,1,25,2.1184847354888916
mnist,ResNet8GN_w16_g8,5,False,True,1,200,False,1.0,1.0,1,26,2.128603935241699
mnist,ResNet8GN_w16_g8,5,False,True,1,200,False,1.0,1.0,1,27,2.128018617630005
mnist,ResNet8GN_w16_g8,5,False,True,1,200,False,1.0,1.0,1,28,2.0841667652130127
mnist,ResNet8GN_w16_g8,5,False,True,1,200,False,1.0,1.0,1,29,2.061574935913086
mnist,ResNet8GN_w16_g8,5,False,True,1,200,False,1.0,1.0,1,30,2.06502628326416
mnist,ResNet8GN_w16_g8,5,False,True,1,200,False,1.0,1.0,1,31,2.048893928527832
mnist,ResNet8GN_w16_g8,5,False,True,1,200,False,1.0,1.0,1,32,2.059680461883545
mnist,ResNet8GN_w16_g8,5,False,True,1,200,False,1.0,1.0,1,33,2.034527063369751
mnist,ResNet8GN_w16_g8,5,False,True,1,200,False,1.0,1.0,1,34,2.0198841094970703
mnist,ResNet8GN_w16_g8,5,False,True,1,200,False,1.0,1.0,1,35,1.9111464023590088
mnist,ResNet8GN_w16_g8,5,False,True,1,200,False,1.0,1.0,1,36,1.9897770881652832
mnist,ResNet8GN_w16_g8,5,False,True,1,200,False,1.0,1.0,1,37,1.897714614868164
mnist,ResNet8GN_w16_g8,5,False,True,1,200,False,1.0,1.0,1,38,1.9181015491485596
mnist,ResNet8GN_w16_g8,5,False,True,1,200,False,1.0,1.0,1,39,1.9690439701080322
mnist,ResNet8GN_w16_g8,5,False,True,1,200,False,1.0,1.0,1,40,1.9424363374710083
mnist,ResNet8GN_w16_g8,5,False,True,1,200,False,1.0,1.0,1,41,1.8778204917907715
mnist,ResNet8GN_w16_g8,5,False,True,1,200,False,1.0,1.0,1,42,1.8272175788879395
mnist,ResNet8GN_w16_g8,5,False,True,1,200,False,1.0,1.0,1,43,1.8745918273925781
mnist,ResNet8GN_w16_g8,5,False,True,1,200,False,1.0,1.0,1,44,1.8046754598617554
mnist,ResNet8GN_w16_g8,5,False,True,1,200,False,1.0,1.0,1,45,1.8479766845703125
mnist,ResNet8GN_w16_g8,5,False,True,1,200,False,1.0,1.0,1,46,1.8085445165634155
mnist,ResNet8GN_w16_g8,5,False,True,1,200,False,1.0,1.0,1,47,1.9017226696014404
mnist,ResNet8GN_w16_g8,5,False,True,1,200,False,1.0,1.0,1,48,1.825152039527893
mnist,ResNet8GN_w16_g8,5,False,True,1,200,False,1.0,1.0,1,49,1.8180278539657593
mnist,ResNet8GN_w16_g8,5,False,True,1,200,False,1.0,1.0,1,50,1.8096262216567993
mnist,ResNet8GN_w16_g8,5,False,True,1,200,False,1.0,1.0,1,51,1.7873461246490479
mnist,ResNet8GN_w16_g8,5,False,True,1,200,False,1.0,1.0,1,52,1.7445251941680908
mnist,ResNet8GN_w16_g8,5,False,True,1,200,False,1.0,1.0,1,53,1.7498198747634888
mnist,ResNet8GN_w16_g8,5,False,True,1,200,False,1.0,1.0,1,54,1.827693223953247
mnist,ResNet8GN_w16_g8,5,False,True,1,200,False,1.0,1.0,1,55,1.6953022480010986
mnist,ResNet8GN_w16_g8,5,False,True,1,200,False,1.0,1.0,1,56,1.6306504011154175
mnist,ResNet8GN_w16_g8,5,False,True,1,200,False,1.0,1.0,1,57,1.7047619819641113
mnist,ResNet8GN_w16_g8,5,False,True,1,200,False,1.0,1.0,1,58,1.715697169303894
mnist,ResNet8GN_w16_g8,5,False,True,1,200,False,1.0,1.0,1,59,1.6166529655456543
mnist,ResNet8GN_w16_g8,5,False,True,1,200,False,1.0,1.0,1,60,1.6562011241912842
mnist,ResNet8GN_w16_g8,5,False,True,1,200,False,1.0,1.0,1,61,1.6328845024108887
mnist,ResNet8GN_w16_g8,5,False,True,1,200,False,1.0,1.0,1,62,1.624192476272583
mnist,ResNet8GN_w16_g8,5,False,True,1,200,False,1.0,1.0,1,63,1.5665231943130493
mnist,ResNet8GN_w16_g8,5,False,True,1,200,False,1.0,1.0,1,64,1.6010500192642212
mnist,ResNet8GN_w16_g8,5,False,True,1,200,False,1.0,1.0,1,65,1.6088485717773438
mnist,ResNet8GN_w16_g8,5,False,True,1,200,False,1.0,1.0,1,66,1.5491149425506592
mnist,ResNet8GN_w16_g8,5,False,True,1,200,False,1.0,1.0,1,67,1.5464158058166504
mnist,ResNet8GN_w16_g8,5,False,True,1,200,False,1.0,1.0,1,68,1.5817878246307373
mnist,ResNet8GN_w16_g8,5,False,True,1,200,False,1.0,1.0,1,69,1.486423373222351
mnist,ResNet8GN_w16_g8,5,False,True,1,200,False,1.0,1.0,1,70,1.565356731414795
mnist,ResNet8GN_w16_g8,5,False,True,1,200,False,1.0,1.0,1,71,1.527239441871643
mnist,ResNet8GN_w16_g8,5,False,True,1,200,False,1.0,1.0,1,72,1.5239708423614502
mnist,ResNet8GN_w16_g8,5,False,True,1,200,False,1.0,1.0,1,73,1.4662028551101685
mnist,ResNet8GN_w16_g8,5,False,True,1,200,False,1.0,1.0,1,74,1.5557745695114136
mnist,ResNet8GN_w16_g8,5,False,True,1,200,False,1.0,1.0,1,75,1.5544958114624023
mnist,ResNet8GN_w16_g8,5,False,True,1,200,False,1.0,1.0,1,76,1.4777963161468506
mnist,ResNet8GN_w16_g8,5,False,True,1,200,False,1.0,1.0,1,77,1.4284857511520386
mnist,ResNet8GN_w16_g8,5,False,True,1,200,False,1.0,1.0,1,78,1.454228401184082
mnist,ResNet8GN_w16_g8,5,False,True,1,200,False,1.0,1.0,1,79,1.3650504350662231
mnist,ResNet8GN_w16_g8,5,False,True,1,200,False,1.0,1.0,1,80,1.523627519607544
mnist,ResNet8GN_w16_g8,5,False,True,1,200,False,1.0,1.0,1,81,1.4620832204818726
mnist,ResNet8GN_w16_g8,5,False,True,1,200,False,1.0,1.0,1,82,1.3914047479629517
mnist,ResNet8GN_w16_g8,5,False,True,1,200,False,1.0,1.0,1,83,1.3111599683761597
mnist,ResNet8GN_w16_g8,5,False,True,1,200,False,1.0,1.0,1,84,1.3704546689987183
mnist,ResNet8GN_w16_g8,5,False,True,1,200,False,1.0,1.0,1,85,1.3642362356185913
mnist,ResNet8GN_w16_g8,5,False,True,1,200,False,1.0,1.0,1,86,1.264187216758728
mnist,ResNet8GN_w16_g8,5,False,True,1,200,False,1.0,1.0,1,87,1.3335825204849243
mnist,ResNet8GN_w16_g8,5,False,True,1,200,False,1.0,1.0,1,88,1.3552560806274414
mnist,ResNet8GN_w16_g8,5,False,True,1,200,False,1.0,1.0,1,89,1.312174916267395
mnist,ResNet8GN_w16_g8,5,False,True,1,200,False,1.0,1.0,1,90,1.3772876262664795
mnist,ResNet8GN_w16_g8,5,False,True,1,200,False,1.0,1.0,1,91,1.2891064882278442
mnist,ResNet8GN_w16_g8,5,False,True,1,200,False,1.0,1.0,1,92,1.2524316310882568
mnist,ResNet8GN_w16_g8,5,False,True,1,200,False,1.0,1.0,1,93,1.2818682193756104
mnist,ResNet8GN_w16_g8,5,False,True,1,200,False,1.0,1.0,1,94,1.267348051071167
mnist,ResNet8GN_w16_g8,5,False,True,1,200,False,1.0,1.0,1,95,1.2598702907562256
mnist,ResNet8GN_w16_g8,5,False,True,1,200,False,1.0,1.0,1,96,1.274899959564209
mnist,ResNet8GN_w16_g8,5,False,True,1,200,False,1.0,1.0,1,97,1.2466615438461304
mnist,ResNet8GN_w16_g8,5,False,True,1,200,False,1.0,1.0,1,98,1.256325364112854
mnist,ResNet8GN_w16_g8,5,False,True,1,200,False,1.0,1.0,1,99,1.2252404689788818
mnist,ResNet8GN_w16_g8,5,False,True,1,200,False,1.0,1.0,1,100,1.1397008895874023
mnist,ResNet8GN_w16_g8,5,False,True,1,200,False,1.0,1.0,1,101,1.1461111307144165
mnist,ResNet8GN_w16_g8,5,False,True,1,200,False,1.0,1.0,1,102,1.1880156993865967
mnist,ResNet8GN_w16_g8,5,False,True,1,200,False,1.0,1.0,1,103,1.1733869314193726
mnist,ResNet8GN_w16_g8,5,False,True,1,200,False,1.0,1.0,1,104,1.1043362617492676
mnist,ResNet8GN_w16_g8,5,False,True,1,200,False,1.0,1.0,1,105,1.2157090902328491
mnist,ResNet8GN_w16_g8,5,False,True,1,200,False,1.0,1.0,1,106,1.1276352405548096
mnist,ResNet8GN_w16_g8,5,False,True,1,200,False,1.0,1.0,1,107,1.2799336910247803
mnist,ResNet8GN_w16_g8,5,False,True,1,200,False,1.0,1.0,1,108,1.265149474143982
mnist,ResNet8GN_w16_g8,5,False,True,1,200,False,1.0,1.0,1,109,1.1952863931655884
mnist,ResNet8GN_w16_g8,5,False,True,1,200,False,1.0,1.0,1,110,1.2233219146728516
mnist,ResNet8GN_w16_g8,5,False,True,1,200,False,1.0,1.0,1,111,1.1909987926483154
mnist,ResNet8GN_w16_g8,5,False,True,1,200,False,1.0,1.0,1,112,1.2844719886779785
mnist,ResNet8GN_w16_g8,5,False,True,1,200,False,1.0,1.0,1,113,1.0519728660583496
mnist,ResNet8GN_w16_g8,5,False,True,1,200,False,1.0,1.0,1,114,1.1223224401474
mnist,ResNet8GN_w16_g8,5,False,True,1,200,False,1.0,1.0,1,115,1.1038403511047363
mnist,ResNet8GN_w16_g8,5,False,True,1,200,False,1.0,1.0,1,116,1.0104553699493408
mnist,ResNet8GN_w16_g8,5,False,True,1,200,False,1.0,1.0,1,117,1.0735416412353516
mnist,ResNet8GN_w16_g8,5,False,True,1,200,False,1.0,1.0,1,118,1.0956246852874756
mnist,ResNet8GN_w16_g8,5,False,True,1,200,False,1.0,1.0,1,119,1.1711628437042236
mnist,ResNet8GN_w16_g8,5,False,True,1,200,False,1.0,1.0,1,120,1.0362002849578857
mnist,ResNet8GN_w16_g8,5,False,True,1,200,False,1.0,1.0,1,121,1.0858317613601685
mnist,ResNet8GN_w16_g8,5,False,True,1,200,False,1.0,1.0,1,122,1.017776370048523
mnist,ResNet8GN_w16_g8,5,False,True,1,200,False,1.0,1.0,1,123,1.0518227815628052
mnist,ResNet8GN_w16_g8,5,False,True,1,200,False,1.0,1.0,1,124,1.0182387828826904
mnist,ResNet8GN_w16_g8,5,False,True,1,200,False,1.0,1.0,1,125,0.9295457005500793
mnist,ResNet8GN_w16_g8,5,False,True,1,200,False,1.0,1.0,1,126,0.9759035110473633
mnist,ResNet8GN_w16_g8,5,False,True,1,200,False,1.0,1.0,1,127,1.0082149505615234
mnist,ResNet8GN_w16_g8,5,False,True,1,200,False,1.0,1.0,1,128,0.9617976546287537
mnist,ResNet8GN_w16_g8,5,False,True,1,200,False,1.0,1.0,1,129,0.9460124373435974
mnist,ResNet8GN_w16_g8,5,False,True,1,200,False,1.0,1.0,1,130,1.017435908317566
mnist,ResNet8GN_w16_g8,5,False,True,1,200,False,1.0,1.0,1,131,0.9721540212631226
mnist,ResNet8GN_w16_g8,5,False,True,1,200,False,1.0,1.0,1,132,0.9782066345214844
mnist,ResNet8GN_w16_g8,5,False,True,1,200,False,1.0,1.0,1,133,0.9473505020141602
mnist,ResNet8GN_w16_g8,5,False,True,1,200,False,1.0,1.0,1,134,0.9517167210578918
mnist,ResNet8GN_w16_g8,5,False,True,1,200,False,1.0,1.0,1,135,0.9629578590393066
mnist,ResNet8GN_w16_g8,5,False,True,1,200,False,1.0,1.0,1,136,0.9162737131118774
mnist,ResNet8GN_w16_g8,5,False,True,1,200,False,1.0,1.0,1,137,0.9608570337295532
mnist,ResNet8GN_w16_g8,5,False,True,1,200,False,1.0,1.0,1,138,0.9803268313407898
mnist,ResNet8GN_w16_g8,5,False,True,1,200,False,1.0,1.0,1,139,0.9240509867668152
mnist,ResNet8GN_w16_g8,5,False,True,1,200,False,1.0,1.0,1,140,0.9632388353347778
mnist,ResNet8GN_w16_g8,5,False,True,1,200,False,1.0,1.0,1,141,0.841050386428833
mnist,ResNet8GN_w16_g8,5,False,True,1,200,False,1.0,1.0,1,142,0.898335874080658
mnist,ResNet8GN_w16_g8,5,False,True,1,200,False,1.0,1.0,1,143,0.8984336853027344
mnist,ResNet8GN_w16_g8,5,False,True,1,200,False,1.0,1.0,1,144,0.9378862977027893
mnist,ResNet8GN_w16_g8,5,False,True,1,200,False,1.0,1.0,1,145,0.9037495255470276
mnist,ResNet8GN_w16_g8,5,False,True,1,200,False,1.0,1.0,1,146,0.8344427943229675
mnist,ResNet8GN_w16_g8,5,False,True,1,200,False,1.0,1.0,1,147,0.9591441750526428
mnist,ResNet8GN_w16_g8,5,False,True,1,200,False,1.0,1.0,1,148,0.89374840259552
mnist,ResNet8GN_w16_g8,5,False,True,1,200,False,1.0,1.0,1,149,0.8083494901657104
mnist,ResNet8GN_w16_g8,5,False,True,1,200,False,1.0,1.0,1,150,0.8717666268348694
mnist,ResNet8GN_w16_g8,5,False,True,1,200,False,1.0,1.0,1,151,0.8591106534004211
mnist,ResNet8GN_w16_g8,5,False,True,1,200,False,1.0,1.0,1,152,0.7921765446662903
mnist,ResNet8GN_w16_g8,5,False,True,1,200,False,1.0,1.0,1,153,0.8422204852104187
mnist,ResNet8GN_w16_g8,5,False,True,1,200,False,1.0,1.0,1,154,0.810310423374176
mnist,ResNet8GN_w16_g8,5,False,True,1,200,False,1.0,1.0,1,155,0.8293675780296326
mnist,ResNet8GN_w16_g8,5,False,True,1,200,False,1.0,1.0,1,156,1.0003846883773804
mnist,ResNet8GN_w16_g8,5,False,True,1,200,False,1.0,1.0,1,157,0.7886092662811279
mnist,ResNet8GN_w16_g8,5,False,True,1,200,False,1.0,1.0,1,158,0.9556219577789307
mnist,ResNet8GN_w16_g8,5,False,True,1,200,False,1.0,1.0,1,159,0.7744788527488708
mnist,ResNet8GN_w16_g8,5,False,True,1,200,False,1.0,1.0,1,160,0.8812571167945862
mnist,ResNet8GN_w16_g8,5,False,True,1,200,False,1.0,1.0,1,161,0.8404055833816528
mnist,ResNet8GN_w16_g8,5,False,True,1,200,False,1.0,1.0,1,162,0.9020460844039917
mnist,ResNet8GN_w16_g8,5,False,True,1,200,False,1.0,1.0,1,163,0.8857097029685974
mnist,ResNet8GN_w16_g8,5,False,True,1,200,False,1.0,1.0,1,164,0.7466199994087219
mnist,ResNet8GN_w16_g8,5,False,True,1,200,False,1.0,1.0,1,165,0.7527989149093628
mnist,ResNet8GN_w16_g8,5,False,True,1,200,False,1.0,1.0,1,166,0.7922147512435913
mnist,ResNet8GN_w16_g8,5,False,True,1,200,False,1.0,1.0,1,167,0.7281609773635864
mnist,ResNet8GN_w16_g8,5,False,True,1,200,False,1.0,1.0,1,168,0.8263044953346252
mnist,ResNet8GN_w16_g8,5,False,True,1,200,False,1.0,1.0,1,169,0.7419558763504028
mnist,ResNet8GN_w16_g8,5,False,True,1,200,False,1.0,1.0,1,170,0.6115678548812866
mnist,ResNet8GN_w16_g8,5,False,True,1,200,False,1.0,1.0,1,171,0.7941006422042847
mnist,ResNet8GN_w16_g8,5,False,True,1,200,False,1.0,1.0,1,172,0.7407694458961487
mnist,ResNet8GN_w16_g8,5,False,True,1,200,False,1.0,1.0,1,173,0.7529497146606445
mnist,ResNet8GN_w16_g8,5,False,True,1,200,False,1.0,1.0,1,174,0.7619039416313171
mnist,ResNet8GN_w16_g8,5,False,True,1,200,False,1.0,1.0,1,175,0.6590270400047302
mnist,ResNet8GN_w16_g8,5,False,True,1,200,False,1.0,1.0,1,176,0.7108391523361206
mnist,ResNet8GN_w16_g8,5,False,True,1,200,False,1.0,1.0,1,177,0.7623991370201111
mnist,ResNet8GN_w16_g8,5,False,True,1,200,False,1.0,1.0,1,178,0.6539869904518127
mnist,ResNet8GN_w16_g8,5,False,True,1,200,False,1.0,1.0,1,179,0.6767937541007996
mnist,ResNet8GN_w16_g8,5,False,True,1,200,False,1.0,1.0,1,180,0.6582372188568115
mnist,ResNet8GN_w16_g8,5,False,True,1,200,False,1.0,1.0,1,181,0.6493402123451233
mnist,ResNet8GN_w16_g8,5,False,True,1,200,False,1.0,1.0,1,182,0.6648749113082886
mnist,ResNet8GN_w16_g8,5,False,True,1,200,False,1.0,1.0,1,183,0.6614488959312439
mnist,ResNet8GN_w16_g8,5,False,True,1,200,False,1.0,1.0,1,184,0.6270506381988525
mnist,ResNet8GN_w16_g8,5,False,True,1,200,False,1.0,1.0,1,185,0.6692456603050232
mnist,ResNet8GN_w16_g8,5,False,True,1,200,False,1.0,1.0,1,186,0.6234185099601746
mnist,ResNet8GN_w16_g8,5,False,True,1,200,False,1.0,1.0,1,187,0.673588216304779
mnist,ResNet8GN_w16_g8,5,False,True,1,200,False,1.0,1.0,1,188,0.6468544006347656
mnist,ResNet8GN_w16_g8,5,False,True,1,200,False,1.0,1.0,1,189,0.5780243277549744
mnist,ResNet8GN_w16_g8,5,False,True,1,200,False,1.0,1.0,1,190,0.6973854303359985
mnist,ResNet8GN_w16_g8,5,False,True,1,200,False,1.0,1.0,1,191,0.548519492149353
mnist,ResNet8GN_w16_g8,5,False,True,1,200,False,1.0,1.0,1,192,0.5816607475280762
mnist,ResNet8GN_w16_g8,5,False,True,1,200,False,1.0,1.0,1,193,0.6084889769554138
mnist,ResNet8GN_w16_g8,5,False,True,1,200,False,1.0,1.0,1,194,0.56772381067276
mnist,ResNet8GN_w16_g8,5,False,True,1,200,False,1.0,1.0,1,195,0.5730394124984741
mnist,ResNet8GN_w16_g8,5,False,True,1,200,False,1.0,1.0,1,196,0.5711387395858765
mnist,ResNet8GN_w16_g8,5,False,True,1,200,False,1.0,1.0,1,197,0.5892031192779541
mnist,ResNet8GN_w16_g8,5,False,True,1,200,False,1.0,1.0,1,198,0.6256589889526367
mnist,ResNet8GN_w16_g8,5,False,True,1,200,False,1.0,1.0,1,199,0.5849436521530151
mnist,ResNet8GN_w16_g8,5,False,True,1,200,False,1.0,1.0,1,200,0.5806184411048889
mnist,ResNet8GN_w16_g8,5,False,True,1,200,False,1.0,1.0,1,201,0.5623630285263062
mnist,ResNet8GN_w16_g8,5,False,True,1,200,False,1.0,1.0,1,202,0.6960670351982117
mnist,ResNet8GN_w16_g8,5,False,True,1,200,False,1.0,1.0,1,203,0.5742472410202026
mnist,ResNet8GN_w16_g8,5,False,True,1,200,False,1.0,1.0,1,204,0.6387354135513306
mnist,ResNet8GN_w16_g8,5,False,True,1,200,False,1.0,1.0,1,205,0.6707438826560974
mnist,ResNet8GN_w16_g8,5,False,True,1,200,False,1.0,1.0,1,206,0.5661764144897461
mnist,ResNet8GN_w16_g8,5,False,True,1,200,False,1.0,1.0,1,207,0.5482998490333557
mnist,ResNet8GN_w16_g8,5,False,True,1,200,False,1.0,1.0,1,208,0.574377715587616
mnist,ResNet8GN_w16_g8,5,False,True,1,200,False,1.0,1.0,1,209,0.5445535182952881
mnist,ResNet8GN_w16_g8,5,False,True,1,200,False,1.0,1.0,1,210,0.5022596120834351
mnist,ResNet8GN_w16_g8,5,False,True,1,200,False,1.0,1.0,1,211,0.5359449982643127
mnist,ResNet8GN_w16_g8,5,False,True,1,200,False,1.0,1.0,1,212,0.5426502823829651
mnist,ResNet8GN_w16_g8,5,False,True,1,200,False,1.0,1.0,1,213,0.5561204552650452
mnist,ResNet8GN_w16_g8,5,False,True,1,200,False,1.0,1.0,1,214,0.5466341972351074
mnist,ResNet8GN_w16_g8,5,False,True,1,200,False,1.0,1.0,1,215,0.5838831067085266
mnist,ResNet8GN_w16_g8,5,False,True,1,200,False,1.0,1.0,1,216,0.5199658870697021
mnist,ResNet8GN_w16_g8,5,False,True,1,200,False,1.0,1.0,1,217,0.5185371041297913
mnist,ResNet8GN_w16_g8,5,False,True,1,200,False,1.0,1.0,1,218,0.5244908928871155
mnist,ResNet8GN_w16_g8,5,False,True,1,200,False,1.0,1.0,1,219,0.4900391101837158
mnist,ResNet8GN_w16_g8,5,False,True,1,200,False,1.0,1.0,1,220,0.5113874673843384
mnist,ResNet8GN_w16_g8,5,False,True,1,200,False,1.0,1.0,1,221,0.45736953616142273
mnist,ResNet8GN_w16_g8,5,False,True,1,200,False,1.0,1.0,1,222,0.465203195810318
mnist,ResNet8GN_w16_g8,5,False,True,1,200,False,1.0,1.0,1,223,0.4750042259693146
mnist,ResNet8GN_w16_g8,5,False,True,1,200,False,1.0,1.0,1,224,0.48799028992652893
mnist,ResNet8GN_w16_g8,5,False,True,1,200,False,1.0,1.0,1,225,0.4960135519504547
mnist,ResNet8GN_w16_g8,5,False,True,1,200,False,1.0,1.0,1,226,0.5388367772102356
mnist,ResNet8GN_w16_g8,5,False,True,1,200,False,1.0,1.0,1,227,0.4846397936344147
mnist,ResNet8GN_w16_g8,5,False,True,1,200,False,1.0,1.0,1,228,0.48656779527664185
mnist,ResNet8GN_w16_g8,5,False,True,1,200,False,1.0,1.0,1,229,0.5207732915878296
mnist,ResNet8GN_w16_g8,5,False,True,1,200,False,1.0,1.0,1,230,0.5228323936462402
mnist,ResNet8GN_w16_g8,5,False,True,1,200,False,1.0,1.0,1,231,0.4887534976005554
mnist,ResNet8GN_w16_g8,5,False,True,1,200,False,1.0,1.0,1,232,0.4688064754009247
mnist,ResNet8GN_w16_g8,5,False,True,1,200,False,1.0,1.0,1,233,0.43572136759757996
mnist,ResNet8GN_w16_g8,5,False,True,1,200,False,1.0,1.0,1,234,0.492933064699173
mnist,ResNet8GN_w16_g8,5,False,True,1,200,False,1.0,1.0,2,235,0.40344977378845215
mnist,ResNet8GN_w16_g8,5,False,True,1,200,False,1.0,1.0,2,236,0.40823832154273987
mnist,ResNet8GN_w16_g8,5,False,True,1,200,False,1.0,1.0,2,237,0.4290868639945984
mnist,ResNet8GN_w16_g8,5,False,True,1,200,False,1.0,1.0,2,238,0.4657042920589447
mnist,ResNet8GN_w16_g8,5,False,True,1,200,False,1.0,1.0,2,239,0.47646546363830566
mnist,ResNet8GN_w16_g8,5,False,True,1,200,False,1.0,1.0,2,240,0.45904701948165894
mnist,ResNet8GN_w16_g8,5,False,True,1,200,False,1.0,1.0,2,241,0.46129313111305237
mnist,ResNet8GN_w16_g8,5,False,True,1,200,False,1.0,1.0,2,242,0.409814715385437
mnist,ResNet8GN_w16_g8,5,False,True,1,200,False,1.0,1.0,2,243,0.43523848056793213
mnist,ResNet8GN_w16_g8,5,False,True,1,200,False,1.0,1.0,2,244,0.5102251768112183
mnist,ResNet8GN_w16_g8,5,False,True,1,200,False,1.0,1.0,2,245,0.4314790368080139
mnist,ResNet8GN_w16_g8,5,False,True,1,200,False,1.0,1.0,2,246,0.3709421753883362
mnist,ResNet8GN_w16_g8,5,False,True,1,200,False,1.0,1.0,2,247,0.38261687755584717
mnist,ResNet8GN_w16_g8,5,False,True,1,200,False,1.0,1.0,2,248,0.3675217628479004
mnist,ResNet8GN_w16_g8,5,False,True,1,200,False,1.0,1.0,2,249,0.4113221764564514
mnist,ResNet8GN_w16_g8,5,False,True,1,200,False,1.0,1.0,2,250,0.38508152961730957
mnist,ResNet8GN_w16_g8,5,False,True,1,200,False,1.0,1.0,2,251,0.3712039291858673
mnist,ResNet8GN_w16_g8,5,False,True,1,200,False,1.0,1.0,2,252,0.46446695923805237
mnist,ResNet8GN_w16_g8,5,False,True,1,200,False,1.0,1.0,2,253,0.4177168309688568
mnist,ResNet8GN_w16_g8,5,False,True,1,200,False,1.0,1.0,2,254,0.4056917726993561
mnist,ResNet8GN_w16_g8,5,False,True,1,200,False,1.0,1.0,2,255,0.38206908106803894
mnist,ResNet8GN_w16_g8,5,False,True,1,200,False,1.0,1.0,2,256,0.3525169789791107
mnist,ResNet8GN_w16_g8,5,False,True,1,200,False,1.0,1.0,2,257,0.43204790353775024
mnist,ResNet8GN_w16_g8,5,False,True,1,200,False,1.0,1.0,2,258,0.42151403427124023
mnist,ResNet8GN_w16_g8,5,False,True,1,200,False,1.0,1.0,2,259,0.43951520323753357
mnist,ResNet8GN_w16_g8,5,False,True,1,200,False,1.0,1.0,2,260,0.37696558237075806
mnist,ResNet8GN_w16_g8,5,False,True,1,200,False,1.0,1.0,2,261,0.4578409790992737
mnist,ResNet8GN_w16_g8,5,False,True,1,200,False,1.0,1.0,2,262,0.42221978306770325
mnist,ResNet8GN_w16_g8,5,False,True,1,200,False,1.0,1.0,2,263,0.4320206344127655
mnist,ResNet8GN_w16_g8,5,False,True,1,200,False,1.0,1.0,2,264,0.4126589894294739
mnist,ResNet8GN_w16_g8,5,False,True,1,200,False,1.0,1.0,2,265,0.4010831415653229
mnist,ResNet8GN_w16_g8,5,False,True,1,200,False,1.0,1.0,2,266,0.30547255277633667
mnist,ResNet8GN_w16_g8,5,False,True,1,200,False,1.0,1.0,2,267,0.38382861018180847
mnist,ResNet8GN_w16_g8,5,False,True,1,200,False,1.0,1.0,2,268,0.34432709217071533
mnist,ResNet8GN_w16_g8,5,False,True,1,200,False,1.0,1.0,2,269,0.4036652445793152
mnist,ResNet8GN_w16_g8,5,False,True,1,200,False,1.0,1.0,2,270,0.4086446166038513
mnist,ResNet8GN_w16_g8,5,False,True,1,200,False,1.0,1.0,2,271,0.3388769328594208
mnist,ResNet8GN_w16_g8,5,False,True,1,200,False,1.0,1.0,2,272,0.40910178422927856
mnist,ResNet8GN_w16_g8,5,False,True,1,200,False,1.0,1.0,2,273,0.3408869206905365
mnist,ResNet8GN_w16_g8,5,False,True,1,200,False,1.0,1.0,2,274,0.3579327166080475
mnist,ResNet8GN_w16_g8,5,False,True,1,200,False,1.0,1.0,2,275,0.35519513487815857
mnist,ResNet8GN_w16_g8,5,False,True,1,200,False,1.0,1.0,2,276,0.34203967452049255
mnist,ResNet8GN_w16_g8,5,False,True,1,200,False,1.0,1.0,2,277,0.4080376625061035
mnist,ResNet8GN_w16_g8,5,False,True,1,200,False,1.0,1.0,2,278,0.4135822355747223
mnist,ResNet8GN_w16_g8,5,False,True,1,200,False,1.0,1.0,2,279,0.39802613854408264
mnist,ResNet8GN_w16_g8,5,False,True,1,200,False,1.0,1.0,2,280,0.3245077431201935
mnist,ResNet8GN_w16_g8,5,False,True,1,200,False,1.0,1.0,2,281,0.3411121666431427
mnist,ResNet8GN_w16_g8,5,False,True,1,200,False,1.0,1.0,2,282,0.362808495759964
mnist,ResNet8GN_w16_g8,5,False,True,1,200,False,1.0,1.0,2,283,0.267627090215683
mnist,ResNet8GN_w16_g8,5,False,True,1,200,False,1.0,1.0,2,284,0.29765254259109497
mnist,ResNet8GN_w16_g8,5,False,True,1,200,False,1.0,1.0,2,285,0.3151281476020813
mnist,ResNet8GN_w16_g8,5,False,True,1,200,False,1.0,1.0,2,286,0.3303339183330536
mnist,ResNet8GN_w16_g8,5,False,True,1,200,False,1.0,1.0,2,287,0.27562400698661804
mnist,ResNet8GN_w16_g8,5,False,True,1,200,False,1.0,1.0,2,288,0.308623731136322
mnist,ResNet8GN_w16_g8,5,False,True,1,200,False,1.0,1.0,2,289,0.358150839805603
mnist,ResNet8GN_w16_g8,5,False,True,1,200,False,1.0,1.0,2,290,0.33137786388397217
mnist,ResNet8GN_w16_g8,5,False,True,1,200,False,1.0,1.0,2,291,0.33838793635368347
mnist,ResNet8GN_w16_g8,5,False,True,1,200,False,1.0,1.0,2,292,0.2719680070877075
mnist,ResNet8GN_w16_g8,5,False,True,1,200,False,1.0,1.0,2,293,0.34232911467552185
mnist,ResNet8GN_w16_g8,5,False,True,1,200,False,1.0,1.0,2,294,0.3148011565208435
mnist,ResNet8GN_w16_g8,5,False,True,1,200,False,1.0,1.0,2,295,0.2696225047111511
mnist,ResNet8GN_w16_g8,5,False,True,1,200,False,1.0,1.0,2,296,0.3364630341529846
mnist,ResNet8GN_w16_g8,5,False,True,1,200,False,1.0,1.0,2,297,0.2824062705039978
mnist,ResNet8GN_w16_g8,5,False,True,1,200,False,1.0,1.0,2,298,0.2830280065536499
mnist,ResNet8GN_w16_g8,5,False,True,1,200,False,1.0,1.0,2,299,0.2636900246143341
mnist,ResNet8GN_w16_g8,5,False,True,1,200,False,1.0,1.0,2,300,0.3512721359729767
mnist,ResNet8GN_w16_g8,5,False,True,1,200,False,1.0,1.0,2,301,0.30662861466407776
mnist,ResNet8GN_w16_g8,5,False,True,1,200,False,1.0,1.0,2,302,0.3069732189178467
mnist,ResNet8GN_w16_g8,5,False,True,1,200,False,1.0,1.0,2,303,0.28256115317344666
mnist,ResNet8GN_w16_g8,5,False,True,1,200,False,1.0,1.0,2,304,0.30787327885627747
mnist,ResNet8GN_w16_g8,5,False,True,1,200,False,1.0,1.0,2,305,0.2732689082622528
mnist,ResNet8GN_w16_g8,5,False,True,1,200,False,1.0,1.0,2,306,0.3254742920398712
mnist,ResNet8GN_w16_g8,5,False,True,1,200,False,1.0,1.0,2,307,0.3077501356601715
mnist,ResNet8GN_w16_g8,5,False,True,1,200,False,1.0,1.0,2,308,0.3153499960899353
mnist,ResNet8GN_w16_g8,5,False,True,1,200,False,1.0,1.0,2,309,0.3544574975967407
mnist,ResNet8GN_w16_g8,5,False,True,1,200,False,1.0,1.0,2,310,0.2687728703022003
mnist,ResNet8GN_w16_g8,5,False,True,1,200,False,1.0,1.0,2,311,0.28366363048553467
mnist,ResNet8GN_w16_g8,5,False,True,1,200,False,1.0,1.0,2,312,0.310631662607193
mnist,ResNet8GN_w16_g8,5,False,True,1,200,False,1.0,1.0,2,313,0.34200310707092285
mnist,ResNet8GN_w16_g8,5,False,True,1,200,False,1.0,1.0,2,314,0.3126697242259979
mnist,ResNet8GN_w16_g8,5,False,True,1,200,False,1.0,1.0,2,315,0.26729777455329895
mnist,ResNet8GN_w16_g8,5,False,True,1,200,False,1.0,1.0,2,316,0.299796998500824
mnist,ResNet8GN_w16_g8,5,False,True,1,200,False,1.0,1.0,2,317,0.34679049253463745
mnist,ResNet8GN_w16_g8,5,False,True,1,200,False,1.0,1.0,2,318,0.3332517445087433
mnist,ResNet8GN_w16_g8,5,False,True,1,200,False,1.0,1.0,2,319,0.2882075607776642
mnist,ResNet8GN_w16_g8,5,False,True,1,200,False,1.0,1.0,2,320,0.25596103072166443
mnist,ResNet8GN_w16_g8,5,False,True,1,200,False,1.0,1.0,2,321,0.26131048798561096
mnist,ResNet8GN_w16_g8,5,False,True,1,200,False,1.0,1.0,2,322,0.2849365174770355
mnist,ResNet8GN_w16_g8,5,False,True,1,200,False,1.0,1.0,2,323,0.2957197427749634
mnist,ResNet8GN_w16_g8,5,False,True,1,200,False,1.0,1.0,2,324,0.3008344769477844
mnist,ResNet8GN_w16_g8,5,False,True,1,200,False,1.0,1.0,2,325,0.22251637279987335
mnist,ResNet8GN_w16_g8,5,False,True,1,200,False,1.0,1.0,2,326,0.31754955649375916
mnist,ResNet8GN_w16_g8,5,False,True,1,200,False,1.0,1.0,2,327,0.2238391786813736
mnist,ResNet8GN_w16_g8,5,False,True,1,200,False,1.0,1.0,2,328,0.2094680666923523
mnist,ResNet8GN_w16_g8,5,False,True,1,200,False,1.0,1.0,2,329,0.31617069244384766
mnist,ResNet8GN_w16_g8,5,False,True,1,200,False,1.0,1.0,2,330,0.33639732003211975
mnist,ResNet8GN_w16_g8,5,False,True,1,200,False,1.0,1.0,2,331,0.25356900691986084
mnist,ResNet8GN_w16_g8,5,False,True,1,200,False,1.0,1.0,2,332,0.3423753082752228
mnist,ResNet8GN_w16_g8,5,False,True,1,200,False,1.0,1.0,2,333,0.2785986363887787
mnist,ResNet8GN_w16_g8,5,False,True,1,200,False,1.0,1.0,2,334,0.2957713305950165
mnist,ResNet8GN_w16_g8,5,False,True,1,200,False,1.0,1.0,2,335,0.2607138156890869
mnist,ResNet8GN_w16_g8,5,False,True,1,200,False,1.0,1.0,2,336,0.3039496839046478
mnist,ResNet8GN_w16_g8,5,False,True,1,200,False,1.0,1.0,2,337,0.2587221562862396
mnist,ResNet8GN_w16_g8,5,False,True,1,200,False,1.0,1.0,2,338,0.3145304024219513
mnist,ResNet8GN_w16_g8,5,False,True,1,200,False,1.0,1.0,2,339,0.24299107491970062
mnist,ResNet8GN_w16_g8,5,False,True,1,200,False,1.0,1.0,2,340,0.2990182340145111
mnist,ResNet8GN_w16_g8,5,False,True,1,200,False,1.0,1.0,2,341,0.28855711221694946
mnist,ResNet8GN_w16_g8,5,False,True,1,200,False,1.0,1.0,2,342,0.23178473114967346
mnist,ResNet8GN_w16_g8,5,False,True,1,200,False,1.0,1.0,2,343,0.29923486709594727
mnist,ResNet8GN_w16_g8,5,False,True,1,200,False,1.0,1.0,2,344,0.2754053473472595
mnist,ResNet8GN_w16_g8,5,False,True,1,200,False,1.0,1.0,2,345,0.2350863218307495
mnist,ResNet8GN_w16_g8,5,False,True,1,200,False,1.0,1.0,2,346,0.25224223732948303
mnist,ResNet8GN_w16_g8,5,False,True,1,200,False,1.0,1.0,2,347,0.26011452078819275
mnist,ResNet8GN_w16_g8,5,False,True,1,200,False,1.0,1.0,2,348,0.2514011263847351
mnist,ResNet8GN_w16_g8,5,False,True,1,200,False,1.0,1.0,2,349,0.2895098626613617
mnist,ResNet8GN_w16_g8,5,False,True,1,200,False,1.0,1.0,2,350,0.32051920890808105
mnist,ResNet8GN_w16_g8,5,False,True,1,200,False,1.0,1.0,2,351,0.20945324003696442
mnist,ResNet8GN_w16_g8,5,False,True,1,200,False,1.0,1.0,2,352,0.2289840579032898
mnist,ResNet8GN_w16_g8,5,False,True,1,200,False,1.0,1.0,2,353,0.21988415718078613
mnist,ResNet8GN_w16_g8,5,False,True,1,200,False,1.0,1.0,2,354,0.2177329659461975
mnist,ResNet8GN_w16_g8,5,False,True,1,200,False,1.0,1.0,2,355,0.21572017669677734
mnist,ResNet8GN_w16_g8,5,False,True,1,200,False,1.0,1.0,2,356,0.25907135009765625
mnist,ResNet8GN_w16_g8,5,False,True,1,200,False,1.0,1.0,2,357,0.21511629223823547
mnist,ResNet8GN_w16_g8,5,False,True,1,200,False,1.0,1.0,2,358,0.21105675399303436
mnist,ResNet8GN_w16_g8,5,False,True,1,200,False,1.0,1.0,2,359,0.2445117086172104
mnist,ResNet8GN_w16_g8,5,False,True,1,200,False,1.0,1.0,2,360,0.23889119923114777
mnist,ResNet8GN_w16_g8,5,False,True,1,200,False,1.0,1.0,2,361,0.21778149902820587
mnist,ResNet8GN_w16_g8,5,False,True,1,200,False,1.0,1.0,2,362,0.25537970662117004
mnist,ResNet8GN_w16_g8,5,False,True,1,200,False,1.0,1.0,2,363,0.16455505788326263
mnist,ResNet8GN_w16_g8,5,False,True,1,200,False,1.0,1.0,2,364,0.22100123763084412
mnist,ResNet8GN_w16_g8,5,False,True,1,200,False,1.0,1.0,2,365,0.2405502200126648
mnist,ResNet8GN_w16_g8,5,False,True,1,200,False,1.0,1.0,2,366,0.2311730533838272
mnist,ResNet8GN_w16_g8,5,False,True,1,200,False,1.0,1.0,2,367,0.199093297123909
mnist,ResNet8GN_w16_g8,5,False,True,1,200,False,1.0,1.0,2,368,0.21020515263080597
mnist,ResNet8GN_w16_g8,5,False,True,1,200,False,1.0,1.0,2,369,0.22308793663978577
mnist,ResNet8GN_w16_g8,5,False,True,1,200,False,1.0,1.0,2,370,0.20221580564975739
mnist,ResNet8GN_w16_g8,5,False,True,1,200,False,1.0,1.0,2,371,0.2136177122592926
mnist,ResNet8GN_w16_g8,5,False,True,1,200,False,1.0,1.0,2,372,0.22047308087348938
mnist,ResNet8GN_w16_g8,5,False,True,1,200,False,1.0,1.0,2,373,0.2199700027704239
mnist,ResNet8GN_w16_g8,5,False,True,1,200,False,1.0,1.0,2,374,0.21933583915233612
mnist,ResNet8GN_w16_g8,5,False,True,1,200,False,1.0,1.0,2,375,0.24418538808822632
mnist,ResNet8GN_w16_g8,5,False,True,1,200,False,1.0,1.0,2,376,0.2379857748746872
mnist,ResNet8GN_w16_g8,5,False,True,1,200,False,1.0,1.0,2,377,0.25501275062561035
mnist,ResNet8GN_w16_g8,5,False,True,1,200,False,1.0,1.0,2,378,0.2156260758638382
mnist,ResNet8GN_w16_g8,5,False,True,1,200,False,1.0,1.0,2,379,0.2466144561767578
mnist,ResNet8GN_w16_g8,5,False,True,1,200,False,1.0,1.0,2,380,0.2375546544790268
mnist,ResNet8GN_w16_g8,5,False,True,1,200,False,1.0,1.0,2,381,0.2211463749408722
mnist,ResNet8GN_w16_g8,5,False,True,1,200,False,1.0,1.0,2,382,0.22784927487373352
mnist,ResNet8GN_w16_g8,5,False,True,1,200,False,1.0,1.0,2,383,0.2104179561138153
mnist,ResNet8GN_w16_g8,5,False,True,1,200,False,1.0,1.0,2,384,0.22417806088924408
mnist,ResNet8GN_w16_g8,5,False,True,1,200,False,1.0,1.0,2,385,0.2097645401954651
mnist,ResNet8GN_w16_g8,5,False,True,1,200,False,1.0,1.0,2,386,0.17493504285812378
mnist,ResNet8GN_w16_g8,5,False,True,1,200,False,1.0,1.0,2,387,0.17054080963134766
mnist,ResNet8GN_w16_g8,5,False,True,1,200,False,1.0,1.0,2,388,0.22657983005046844
mnist,ResNet8GN_w16_g8,5,False,True,1,200,False,1.0,1.0,2,389,0.21984000504016876
mnist,ResNet8GN_w16_g8,5,False,True,1,200,False,1.0,1.0,2,390,0.21229995787143707
mnist,ResNet8GN_w16_g8,5,False,True,1,200,False,1.0,1.0,2,391,0.21207131445407867
mnist,ResNet8GN_w16_g8,5,False,True,1,200,False,1.0,1.0,2,392,0.18242540955543518
mnist,ResNet8GN_w16_g8,5,False,True,1,200,False,1.0,1.0,2,393,0.19590193033218384
mnist,ResNet8GN_w16_g8,5,False,True,1,200,False,1.0,1.0,2,394,0.23315733671188354
mnist,ResNet8GN_w16_g8,5,False,True,1,200,False,1.0,1.0,2,395,0.21812763810157776
mnist,ResNet8GN_w16_g8,5,False,True,1,200,False,1.0,1.0,2,396,0.2125011533498764
mnist,ResNet8GN_w16_g8,5,False,True,1,200,False,1.0,1.0,2,397,0.22572924196720123
mnist,ResNet8GN_w16_g8,5,False,True,1,200,False,1.0,1.0,2,398,0.20073945820331573
mnist,ResNet8GN_w16_g8,5,False,True,1,200,False,1.0,1.0,2,399,0.2600548565387726
mnist,ResNet8GN_w16_g8,5,False,True,1,200,False,1.0,1.0,2,400,0.22831934690475464
mnist,ResNet8GN_w16_g8,5,False,True,1,200,False,1.0,1.0,2,401,0.25397974252700806
mnist,ResNet8GN_w16_g8,5,False,True,1,200,False,1.0,1.0,2,402,0.27399805188179016
mnist,ResNet8GN_w16_g8,5,False,True,1,200,False,1.0,1.0,2,403,0.23781771957874298
mnist,ResNet8GN_w16_g8,5,False,True,1,200,False,1.0,1.0,2,404,0.265140563249588
mnist,ResNet8GN_w16_g8,5,False,True,1,200,False,1.0,1.0,2,405,0.17026270925998688
mnist,ResNet8GN_w16_g8,5,False,True,1,200,False,1.0,1.0,2,406,0.18781191110610962
mnist,ResNet8GN_w16_g8,5,False,True,1,200,False,1.0,1.0,2,407,0.1740635335445404
mnist,ResNet8GN_w16_g8,5,False,True,1,200,False,1.0,1.0,2,408,0.21613115072250366
mnist,ResNet8GN_w16_g8,5,False,True,1,200,False,1.0,1.0,2,409,0.1621747761964798
mnist,ResNet8GN_w16_g8,5,False,True,1,200,False,1.0,1.0,2,410,0.19659262895584106
mnist,ResNet8GN_w16_g8,5,False,True,1,200,False,1.0,1.0,2,411,0.19226060807704926
mnist,ResNet8GN_w16_g8,5,False,True,1,200,False,1.0,1.0,2,412,0.1939648985862732
mnist,ResNet8GN_w16_g8,5,False,True,1,200,False,1.0,1.0,2,413,0.14864861965179443
mnist,ResNet8GN_w16_g8,5,False,True,1,200,False,1.0,1.0,2,414,0.20759303867816925
mnist,ResNet8GN_w16_g8,5,False,True,1,200,False,1.0,1.0,2,415,0.20479610562324524
mnist,ResNet8GN_w16_g8,5,False,True,1,200,False,1.0,1.0,2,416,0.15704521536827087
